Período,Índice de Inflación Acumulado,Índice de Salarios
 2016  ene - dic,219.22013888888887,100.35000000000001
 2017  ene - dic,365.69236111111104,118.4575
 2018  ene - dic,542.167361111111,148.11416666666665
 2019  ene - dic,755.2194444444443,206.36666666666667
 2020  ene - dic,1005.1479166666664,282.82
