Período,Índice de Inflación,Índice de Salarios
 2010  ene - mar,31.463828414800002
 2010  ene - mar,31.463828414800002
